"term","Estimate","Cluster s.e.","t value","Pr(>|t|)"
"novelty_dummy",-0.607766450027555,0.012176543365405,-49.9128883944428,0
"novelty_dummy:after_ai_dummy",0.514976973998304,0.0213217176520917,24.1526964384966,1.55110554657438e-122
